-- MySQL dump 10.13  Distrib 5.7.12, for osx10.11 (x86_64)
--
-- Host: localhost    Database: WYP000SCH
-- ------------------------------------------------------
-- Server version	5.7.12-log

/*!40101 SET @OLD_CHARACTER_SET_CLIENT=@@CHARACTER_SET_CLIENT */;
/*!40101 SET @OLD_CHARACTER_SET_RESULTS=@@CHARACTER_SET_RESULTS */;
/*!40101 SET @OLD_COLLATION_CONNECTION=@@COLLATION_CONNECTION */;
/*!40101 SET NAMES utf8 */;
/*!40103 SET @OLD_TIME_ZONE=@@TIME_ZONE */;
/*!40103 SET TIME_ZONE='+00:00' */;
/*!40014 SET @OLD_UNIQUE_CHECKS=@@UNIQUE_CHECKS, UNIQUE_CHECKS=0 */;
/*!40014 SET @OLD_FOREIGN_KEY_CHECKS=@@FOREIGN_KEY_CHECKS, FOREIGN_KEY_CHECKS=0 */;
/*!40101 SET @OLD_SQL_MODE=@@SQL_MODE, SQL_MODE='NO_AUTO_VALUE_ON_ZERO' */;
/*!40111 SET @OLD_SQL_NOTES=@@SQL_NOTES, SQL_NOTES=0 */;

--
-- Table structure for table `COMMON_ITEM`
--

DROP TABLE IF EXISTS `COMMON_ITEM`;
/*!40101 SET @saved_cs_client     = @@character_set_client */;
/*!40101 SET character_set_client = utf8 */;
CREATE TABLE `COMMON_ITEM` (
  `POINT_KBN` varchar(2) NOT NULL,
  `CODE` varchar(2) NOT NULL,
  `NAME` varchar(40) NOT NULL,
  `ORDER_NO` decimal(2,0) NOT NULL,
  `CREATE_ID` varchar(16) NOT NULL,
  `CREATE_DATE` timestamp NULL DEFAULT NULL,
  `RENEWAL_ID` varchar(16) NOT NULL,
  `RENEWAL_DATE` timestamp NULL DEFAULT NULL,
  `DELETE_ID` varchar(16) NOT NULL DEFAULT '0000000000000000',
  `DELETE_DATE` timestamp NULL DEFAULT NULL,
  PRIMARY KEY (`POINT_KBN`,`CODE`)
) ENGINE=InnoDB DEFAULT CHARSET=sjis;
/*!40101 SET character_set_client = @saved_cs_client */;

--
-- Dumping data for table `COMMON_ITEM`
--

LOCK TABLES `COMMON_ITEM` WRITE;
/*!40000 ALTER TABLE `COMMON_ITEM` DISABLE KEYS */;
INSERT INTO `COMMON_ITEM` VALUES ('01','00','指定なし                                ',0,'YSD','2008-09-20 15:00:00','YSD','2008-09-20 15:00:00','0000000000000000',NULL),('01','01','投票した                                ',1,'YSD','2008-09-20 15:00:00','YSD','2008-09-20 15:00:00','0000000000000000',NULL),('01','02','投票された                              ',2,'YSD','2008-09-20 15:00:00','YSD','2008-09-20 15:00:00','0000000000000000',NULL),('01','03','キャンペーン                            ',3,'YSD','2008-09-20 15:00:00','YSD','2008-09-20 15:00:00','0000000000000000',NULL),('01','04','本社主催表彰                            ',4,'YSD','2008-09-20 15:00:00','YSD','2008-09-20 15:00:00','0000000000000000',NULL),('01','05','目標設定                                ',5,'YSD','2008-09-20 15:00:00','YSD','2008-09-20 15:00:00','0000000000000000',NULL),('01','06','累計ポイント                            ',6,'YSD','2012-02-09 15:00:00','YSD','2012-02-09 15:00:00','0000000000000000',NULL),('02','01','達成できた                              ',1,'YSD','2008-09-20 15:00:00','YSD','2008-09-20 15:00:00','0000000000000000',NULL),('02','02','達成できなかった                        ',2,'YSD','2008-09-20 15:00:00','YSD','2008-09-20 15:00:00','0000000000000000',NULL),('03','00','全部                                    ',0,'YSD','2008-09-20 15:00:00','YSD','2008-09-20 15:00:00','0000000000000000',NULL),('03','01','顧客                                    ',1,'YSD','2008-09-20 15:00:00','YSD','2008-09-20 15:00:00','0000000000000000',NULL),('03','02','社員                                    ',2,'YSD','2008-09-20 15:00:00','YSD','2008-09-20 15:00:00','0000000000000000',NULL),('03','03','社会                                    ',3,'YSD','2008-09-20 15:00:00','YSD','2008-09-20 15:00:00','0000000000000000',NULL),('04','01','第1四半期                               ',1,'YSD','2008-09-20 15:00:00','YSD','2008-09-20 15:00:00','0000000000000000',NULL),('04','02','第2四半期                               ',2,'YSD','2008-09-20 15:00:00','YSD','2008-09-20 15:00:00','0000000000000000',NULL),('04','03','第3四半期                               ',3,'YSD','2008-09-20 15:00:00','YSD','2008-09-20 15:00:00','0000000000000000',NULL),('04','04','第4四半期                               ',4,'YSD','2008-09-20 15:00:00','YSD','2008-09-20 15:00:00','0000000000000000',NULL),('05','01','営業企画                                ',1,'YSD','2008-09-20 15:00:00','YSD','2008-09-20 15:00:00','0000000000000000',NULL),('05','02','人事総務                                ',2,'YSD','2008-09-20 15:00:00','YSD','2008-09-20 15:00:00','0000000000000000',NULL),('05','03','社会貢献                                ',3,'YSD','2008-09-20 15:00:00','YSD','2008-09-20 15:00:00','0000000000000000',NULL),('05','04','事務管理                                ',4,'YSD','2008-09-20 15:00:00','YSD','2008-09-20 15:00:00','0000000000000000',NULL),('05','05','サービス                                ',5,'YSD','2008-09-20 15:00:00','YSD','2008-09-20 15:00:00','0000000000000000',NULL),('05','06','生産性向上推進                          ',6,'YSD','2008-09-20 15:00:00','YSD','2008-09-20 15:00:00','0000000000000000',NULL),('06','01','随時                                    ',1,'YSD','2009-08-10 15:00:00','YSD','2009-08-10 15:00:00','0000000000000000',NULL),('06','02','年に1回                                 ',2,'YSD','2009-08-10 15:00:00','YSD','2008-09-20 15:00:00','0000000000000000',NULL),('06','03','年に2回                                 ',3,'YSD','2009-08-10 15:00:00','YSD','2008-09-20 15:00:00','0000000000000000',NULL),('06','04','月に1回                                 ',4,'YSD','2009-08-10 15:00:00','YSD','2008-09-20 15:00:00','0000000000000000',NULL),('06','05','その他                                  ',5,'YSD','2009-08-10 15:00:00','YSD','2008-09-20 15:00:00','0000000000000000',NULL),('07','01','社会貢献課                              ',1,'YSD','2009-08-11 15:00:00','YSD','2009-08-11 15:00:00','0000000000000000',NULL),('07','02','経営管理課                              ',2,'YSD','2009-08-11 15:00:00','YSD','2009-08-11 15:00:00','0000000000000000',NULL),('07','03','センター業務改革課、集配業務改革課      ',3,'YSD','2009-08-11 15:00:00','YSD','2010-03-31 15:00:00','0000000000000000',NULL),('07','04','サービスセンター                        ',4,'YSD','2009-08-11 15:00:00','YSD','2009-08-11 15:00:00','0000000000000000',NULL),('07','05','経営戦略課                              ',5,'YSD','2011-04-06 15:00:00','YSD','2011-04-06 15:00:00','0000000000000000',NULL),('07','06','リテール営業部                          ',5,'YSD','2012-01-16 15:00:00','YSD','2012-01-16 15:00:00','0000000000000000',NULL),('07','07','経営管理担当                            ',7,'YSD','2013-02-06 15:00:00','YSD','2013-02-06 15:00:00','0000000000000000',NULL),('07','08','人材育成課                              ',8,'YSD','2013-08-14 15:00:00','YSD','2013-08-14 15:00:00','0000000000000000',NULL),('07','09','ＣＳＲ部                                ',9,'YSD','2013-10-14 15:00:00','YSD','2013-10-14 15:00:00','0000000000000000',NULL),('07','10','品質向上推進課                          ',10,'YSD','2013-11-17 15:00:00','YSD','2013-11-17 15:00:00','0000000000000000',NULL),('07','11','クール宅急便品質管理対策推進室          ',11,'YSD','2014-04-15 15:00:00','YSD','2014-04-15 15:00:00','0000000000000000',NULL),('07','12','メール便品質改善室                      ',12,'YSD','2014-04-15 15:00:00','YSD','2014-04-15 15:00:00','0000000000000000',NULL),('07','13','人材育成グループ                        ',13,'YSD','2014-08-31 15:00:00','YSD','2014-08-31 15:00:00','0000000000000000',NULL),('07','14','経営管理グループ                        ',14,'YSD','2015-08-31 15:00:00','YSD','2015-08-31 15:00:00','0000000000000000',NULL),('07','15','安全グループ                            ',15,'YSD','2015-08-31 15:00:00','YSD','2015-08-31 15:00:00','0000000000000000',NULL),('07','16','品質グループ                            ',16,'YSD','2015-08-31 15:00:00','YSD','2015-08-31 15:00:00','0000000000000000',NULL),('07','17','営業戦略グループ                        ',17,'YSD','2015-08-31 15:00:00','YSD','2015-08-31 15:00:00','0000000000000000',NULL),('07','18','人事戦略グループ                        ',18,'YSD','2015-08-31 15:00:00','YSD','2015-08-31 15:00:00','0000000000000000',NULL),('07','19','育成戦略課                              ',19,'YSD','2015-09-08 02:00:00','YSD','2015-09-08 02:00:00','0000000000000000',NULL),('07','20','航空保安グループ                        ',20,'YSD','2016-01-13 02:00:00','YSD','2016-01-13 08:00:00','0000000000000000',NULL),('08','01','2                                       ',1,'YSD','2012-10-04 15:00:00','MBANK','2012-10-04 15:00:00','0000000000000000',NULL),('08','02','2008                                    ',2,'YSD','2012-10-04 15:00:00','MBANK','2015-04-24 06:00:24','0000000000000000',NULL),('08','03','4                                       ',1,'YSD','2012-10-04 15:00:00','MBANK','2012-10-04 15:00:00','0000000000000000',NULL),('09','01','6                                       ',1,'YSD','2012-10-04 15:00:00','MBANK','2012-10-04 15:00:00','0000000000000000',NULL),('09','02','2020                                    ',2,'YSD','2012-10-04 15:00:00','MBANK','2015-04-24 06:00:24','0000000000000000',NULL),('10','01','365                                     ',1,'YSD','2012-10-04 15:00:00','MBANK','2012-10-04 15:00:00','0000000000000000',NULL),('11','01','13                                      ',1,'YSD','2012-10-04 15:00:00','MBANK','2012-10-04 15:00:00','0000000000000000',NULL),('12','04','第4回(2013年6月掲載分)                  ',2,'YSD','2013-02-24 17:06:45','YSD','2013-02-24 17:06:45','0000000000000000',NULL),('12','05','第5回(2014年1月掲載分)                  ',1,'YSD','2013-02-24 17:07:01','YSD','2013-02-24 17:07:01','0000000000000000',NULL);
/*!40000 ALTER TABLE `COMMON_ITEM` ENABLE KEYS */;
UNLOCK TABLES;

--
-- Table structure for table `COMPANY_MASTER`
--

DROP TABLE IF EXISTS `COMPANY_MASTER`;
/*!40101 SET @saved_cs_client     = @@character_set_client */;
/*!40101 SET character_set_client = utf8 */;
CREATE TABLE `COMPANY_MASTER` (
  `JI_JITASYA_CD` varchar(3) NOT NULL,
  `JI_JIGYO_NM` varchar(40) NOT NULL,
  `JI_RYAKU_NM` varchar(10) NOT NULL,
  `ORDER_NO` decimal(2,0) NOT NULL,
  `TOTAL_RYAKU_NM` char(5) CHARACTER SET utf8 NOT NULL,
  `TOTAL_COMPANY_CD` varchar(6) NOT NULL,
  `FLG_01` varchar(1) NOT NULL DEFAULT '0',
  `FLG_02` varchar(1) NOT NULL DEFAULT '0',
  `FLG_03` varchar(1) NOT NULL DEFAULT '0',
  `FLG_04` varchar(1) NOT NULL DEFAULT '0',
  `FLG_05` varchar(1) NOT NULL DEFAULT '0',
  `FLG_06` varchar(1) NOT NULL DEFAULT '0',
  `FLG_07` varchar(1) NOT NULL DEFAULT '0',
  `FLG_08` varchar(1) NOT NULL DEFAULT '0',
  `FLG_09` varchar(1) NOT NULL DEFAULT '0',
  `FLG_10` varchar(1) NOT NULL DEFAULT '0',
  `CREATE_ID` varchar(16) NOT NULL,
  `CREATE_DATE` timestamp NULL DEFAULT NULL,
  `RENEWAL_ID` varchar(16) NOT NULL,
  `RENEWAL_DATE` timestamp NULL DEFAULT NULL,
  `DELETE_ID` varchar(16) NOT NULL DEFAULT '0000000000000000',
  `DELETE_DATE` timestamp NULL DEFAULT NULL,
  PRIMARY KEY (`JI_JITASYA_CD`)
) ENGINE=InnoDB DEFAULT CHARSET=sjis;
/*!40101 SET character_set_client = @saved_cs_client */;

--
-- Dumping data for table `COMPANY_MASTER`
--

LOCK TABLES `COMPANY_MASTER` WRITE;
/*!40000 ALTER TABLE `COMPANY_MASTER` DISABLE KEYS */;
INSERT INTO `COMPANY_MASTER` VALUES ('000','ヤマト運輸','YTC',1,'ヤマト運輸','0AB000','1','1','1','1','1','0','0','0','0','0','YSD','2012-07-30 15:00:00','YSD','2012-07-30 15:00:00','0000000000000000',NULL),('400','ヤマトグローバルエキスプレス            ','YGX       ',2,'ＹＧＸ　　','400000','1','1','1','1','0','0','0','0','0','0','YSD','2012-07-30 15:00:00','YSD','2012-07-30 15:00:00','0000000000000000',NULL);
/*!40000 ALTER TABLE `COMPANY_MASTER` ENABLE KEYS */;
UNLOCK TABLES;

--
-- Table structure for table `COUNTER_TABLE`
--

DROP TABLE IF EXISTS `COUNTER_TABLE`;
/*!40101 SET @saved_cs_client     = @@character_set_client */;
/*!40101 SET character_set_client = utf8 */;
CREATE TABLE `COUNTER_TABLE` (
  `PERIOD` varchar(4) NOT NULL,
  `CREATE_ID` varchar(16) NOT NULL,
  `CREATE_DATE` timestamp NULL DEFAULT NULL,
  `RENEWAL_ID` varchar(16) NOT NULL,
  `RENEWAL_DATE` timestamp NULL DEFAULT NULL,
  `DELETE_ID` varchar(16) NOT NULL DEFAULT '0000000000000000',
  `DELETE_DATE` timestamp NULL DEFAULT NULL,
  PRIMARY KEY (`PERIOD`)
) ENGINE=InnoDB DEFAULT CHARSET=sjis;
/*!40101 SET character_set_client = @saved_cs_client */;

--
-- Dumping data for table `COUNTER_TABLE`
--

LOCK TABLES `COUNTER_TABLE` WRITE;
/*!40000 ALTER TABLE `COUNTER_TABLE` DISABLE KEYS */;
INSERT INTO `COUNTER_TABLE` VALUES ('2016','YSD','2012-10-09 15:00:00','MBANK','2016-08-30 06:29:49','0000000000000000',NULL);
/*!40000 ALTER TABLE `COUNTER_TABLE` ENABLE KEYS */;
UNLOCK TABLES;

--
-- Table structure for table `INFORMATION_TABLE`
--

DROP TABLE IF EXISTS `INFORMATION_TABLE`;
/*!40101 SET @saved_cs_client     = @@character_set_client */;
/*!40101 SET character_set_client = utf8 */;
CREATE TABLE `INFORMATION_TABLE` (
  `CURRENT_SEQ` decimal(10,0) NOT NULL,
  `JIGYOSHO_CODE` varchar(8) NOT NULL,
  `TITLE` varchar(40) NOT NULL,
  `MESSAGE` varchar(400) NOT NULL,
  `DATE_START` date NOT NULL,
  `DATE_END` date NOT NULL,
  `CREATE_ID` varchar(16) NOT NULL,
  `CREATE_DATE` timestamp NULL DEFAULT NULL,
  `RENEWAL_ID` varchar(16) NOT NULL,
  `RENEWAL_DATE` timestamp NULL DEFAULT NULL,
  `DELETE_ID` varchar(16) NOT NULL DEFAULT '0000000000000000',
  `DELETE_DATE` timestamp NULL DEFAULT NULL,
  PRIMARY KEY (`CURRENT_SEQ`)
) ENGINE=InnoDB DEFAULT CHARSET=sjis;
/*!40101 SET character_set_client = @saved_cs_client */;

--
-- Dumping data for table `INFORMATION_TABLE`
--

LOCK TABLES `INFORMATION_TABLE` WRITE;
/*!40000 ALTER TABLE `INFORMATION_TABLE` DISABLE KEYS */;
/*!40000 ALTER TABLE `INFORMATION_TABLE` ENABLE KEYS */;
UNLOCK TABLES;

--
-- Table structure for table `JGY`
--

DROP TABLE IF EXISTS `JGY`;
/*!40101 SET @saved_cs_client     = @@character_set_client */;
/*!40101 SET character_set_client = utf8 */;
CREATE TABLE `JGY` (
  `JI_JIGYO_CD` varchar(6) NOT NULL,
  `UPDATE_DT` timestamp NOT NULL,
  `UPDATE_ID` varchar(20) NOT NULL,
  `JI_JIGYO_NM` varchar(40) DEFAULT NULL,
  `JI_JIGYO_NM_KN` varchar(40) DEFAULT NULL,
  `JI_RYAKU_NM` varchar(10) DEFAULT NULL,
  `JI_YUBIN_CD` varchar(8) DEFAULT NULL,
  `JI_TODOFUKEN` varchar(8) DEFAULT NULL,
  `JI_SIKUGUN` varchar(20) DEFAULT NULL,
  `JI_TYOMEI` varchar(50) DEFAULT NULL,
  `JI_KATAGAKI` varchar(50) DEFAULT NULL,
  `JI_SYANAI_TEL` varchar(12) DEFAULT NULL,
  `JI_KOKYAKU_TEL` varchar(12) DEFAULT NULL,
  `JI_FAX_NO` varchar(12) DEFAULT NULL,
  `JI_MAIL_ADR` varchar(8) DEFAULT NULL,
  `JI_BUMON_CD` varchar(1) DEFAULT NULL,
  `JI_GYOMU_CD` varchar(1) DEFAULT NULL,
  `JI_KINOU_CD` varchar(1) DEFAULT NULL,
  `JI_KUBUN_CD` varchar(1) DEFAULT NULL,
  `JI_JITASYA_CD` varchar(3) DEFAULT NULL,
  `JI_H_STA_TIME` varchar(4) DEFAULT NULL,
  `JI_H_END_TIME` varchar(4) DEFAULT NULL,
  `JI_H_UKE_TIME` varchar(4) DEFAULT NULL,
  `JI_D_STA_TIME` varchar(4) DEFAULT NULL,
  `JI_D_END_TIME` varchar(4) DEFAULT NULL,
  `JI_D_UKE_TIME` varchar(4) DEFAULT NULL,
  `JI_N_STA_TIME` varchar(4) DEFAULT NULL,
  `JI_N_END_TIME` varchar(4) DEFAULT NULL,
  `JI_N_UKE_TIME` varchar(4) DEFAULT NULL,
  `JI_SWK_CD` varchar(9) DEFAULT NULL,
  `JI_SOKU_FLG` varchar(1) DEFAULT NULL,
  `JI_HAISI_YMD` varchar(6) DEFAULT NULL,
  `JI_TEKI_YMD` varchar(8) DEFAULT NULL,
  `JI_SYUKAN_CD` varchar(6) DEFAULT NULL,
  `JI_SHISYA_CD` varchar(6) DEFAULT NULL,
  `JI_KIMITSU_CD` varchar(8) DEFAULT NULL,
  `JI_MADOGUCHI_CD` varchar(1) DEFAULT NULL,
  `SC_JIGYO_CD` varchar(6) DEFAULT NULL,
  `SC_JIGYO_NM` varchar(40) DEFAULT NULL,
  `SC_JIGYO_NM_KN` varchar(40) DEFAULT NULL,
  `SC_RYAKU_NM` varchar(10) DEFAULT NULL,
  `SC_YUBIN_CD` varchar(8) DEFAULT NULL,
  `SC_TODOFUKEN` varchar(8) DEFAULT NULL,
  `SC_SIKUGUN` varchar(20) DEFAULT NULL,
  `SC_TYOMEI` varchar(50) DEFAULT NULL,
  `SC_KATAGAKI` varchar(50) DEFAULT NULL,
  `SC_SYANAI_TEL` varchar(12) DEFAULT NULL,
  `SC_KOKYAKU_TEL` varchar(12) DEFAULT NULL,
  `SC_FAX_NO` varchar(12) DEFAULT NULL,
  `SC_SWK_CD` varchar(9) DEFAULT NULL,
  `SC_SOKU_FLG` varchar(1) DEFAULT NULL,
  `AREA_JIGYO_CD` varchar(6) DEFAULT NULL,
  `AREA_JIGYO_NM` varchar(40) DEFAULT NULL,
  `AREA_JIGYO_NM_KN` varchar(40) DEFAULT NULL,
  `AREA_RYAKU_NM` varchar(10) DEFAULT NULL,
  `AREA_YUBIN_CD` varchar(8) DEFAULT NULL,
  `AREA_TODOFUKEN` varchar(8) DEFAULT NULL,
  `AREA_SIKUGUN` varchar(20) DEFAULT NULL,
  `AREA_TYOMEI` varchar(50) DEFAULT NULL,
  `AREA_KATAGAKI` varchar(50) DEFAULT NULL,
  `AREA_SYANAI_TEL` varchar(12) DEFAULT NULL,
  `AREA_KOKYAKU_TEL` varchar(12) DEFAULT NULL,
  `AREA_FAX_NO` varchar(12) DEFAULT NULL,
  `AREA_SWK_CD` varchar(9) DEFAULT NULL,
  `AREA_SOKU_FLG` varchar(1) DEFAULT NULL,
  `JIMU_JIGYO_CD` varchar(6) DEFAULT NULL,
  `JIMU_JIGYO_NM` varchar(40) DEFAULT NULL,
  `JIMU_JIGYO_NM_KN` varchar(40) DEFAULT NULL,
  `JIMU_RYAKU_NM` varchar(10) DEFAULT NULL,
  `JIMU_YUBIN_CD` varchar(8) DEFAULT NULL,
  `JIMU_TODOFUKEN` varchar(8) DEFAULT NULL,
  `JIMU_SIKUGUN` varchar(20) DEFAULT NULL,
  `JIMU_TYOMEI` varchar(50) DEFAULT NULL,
  `JIMU_KATAGAKI` varchar(50) DEFAULT NULL,
  `JIMU_SYANAI_TEL` varchar(12) DEFAULT NULL,
  `JIMU_KOKYAKU_TEL` varchar(12) DEFAULT NULL,
  `JIMU_FAX_NO` varchar(12) DEFAULT NULL,
  `JIMU_SWK_CD` varchar(40) DEFAULT NULL,
  `JIMU_SOKU_FLG` varchar(1) DEFAULT NULL,
  PRIMARY KEY (`JI_JIGYO_CD`)
) ENGINE=InnoDB DEFAULT CHARSET=sjis;
/*!40101 SET character_set_client = @saved_cs_client */;

--
-- Dumping data for table `JGY`
--

LOCK TABLES `JGY` WRITE;
/*!40000 ALTER TABLE `JGY` DISABLE KEYS */;
INSERT INTO `JGY` VALUES ('000002','2016-04-30 15:00:00','JGY_UPDATE','札幌主管支店　安全推進課','ｻｯﾎﾟﾛｼｭｶﾝｼﾃﾝｱﾝｾﾞﾝｽｲｼﾝｶ','札幌安全','004-0053','北海道','札幌市厚別区','厚別中央３条１丁',NULL,'011-891-7481','0570-200-000','011-893-2188','Y0000021','M',NULL,'J',NULL,'000',NULL,NULL,NULL,NULL,NULL,NULL,NULL,NULL,NULL,'00-99-00',NULL,'','20150319','000010','0BB000','003360','Z',NULL,NULL,NULL,NULL,NULL,NULL,NULL,NULL,NULL,NULL,NULL,NULL,NULL,NULL,NULL,NULL,NULL,NULL,NULL,NULL,NULL,NULL,NULL,NULL,NULL,NULL,NULL,NULL,'000004','札幌主管支店事務管理センター','ｻｯﾎﾟﾛｼｭｶﾝｼﾃﾝ','札幌事務','004-0053','北海道','札幌市厚別区','厚別中央３条１丁',NULL,'011-893-3414','0570-200-000','011-893-2851','00-99-00',NULL),('000005','2016-04-30 18:10:43','JGY_UPDATE          ','札幌主管支店　サービスセンター          ','ｻﾂﾎﾟﾛｼﾕｶﾝｼﾃﾝ ｻ-ﾋﾞｽｾﾝﾀ-                  ','札幌ＳＣ  ','004-0053','北海道  ','札幌市厚別区        ','厚別中央３条１丁目２?３０                        ','                                                  ','011-894-8825','0570-200-000','011-896-4200','Y0000051','M',' ','F',' ','000','    ','    ','    ','    ','    ','    ','    ','    ','    ','00-99-00 ','1','      ','20070321','000010','0BB000','003360  ','Z','000005','札幌主管支店　サービスセンター          ','ｻﾂﾎﾟﾛｼﾕｶﾝｼﾃﾝ ｻ-ﾋﾞｽｾﾝﾀ-                  ','札幌ＳＣ  ','004-0053','北海道  ','札幌市厚別区        ','厚別中央３条１丁目２?３０                        ','                                                  ','011-894-8825','0570-200-000','011-896-4200','00-99-00 ','1','      ','                                        ','                                        ','          ','        ','        ','                    ','                                                  ','                                                  ','            ','            ','            ','         ',' ','000004','札幌主管支店　事務管理センター          ','ｻﾂﾎﾟﾛｼﾕｶﾝｼﾃﾝ ｼﾞﾑｶﾝﾘｾﾝﾀ-                 ','札幌事務  ','004-0053','北海道  ','札幌市厚別区        ','厚別中央３条１丁目２?３０                        ','                                                  ','011-893-3414','0570-200-000','011-893-2851','00-99-00                                ',' '),('000006','2016-04-30 18:10:43','JGY_UPDATE          ','１２３４５６７８９０１２３４５６７８９０','ｻﾂﾎﾟﾛｺｰﾙｾﾝﾀｰ                            ','検索テスト','004-0053','北海道  ','札幌市厚別区        ','厚別中央３条１丁目２?３０                        ','                                                  ','011-890-5014','0570-200-000','011-894-9179','Y0000061','M',' ','F',' ','000','    ','    ','    ','    ','    ','    ','    ','    ','    ','00-99-99 ',' ','      ','20160317','000006','0BB000','003360  ','Z','000005','札幌主管支店　サービスセンター          ','ｻﾂﾎﾟﾛｼﾕｶﾝｼﾃﾝ ｻ-ﾋﾞｽｾﾝﾀ-                  ','札幌ＳＣ  ','004-0053','北海道  ','札幌市厚別区        ','厚別中央３条１丁目２?３０                        ','                                                  ','011-894-8825','0570-200-000','011-896-4200','00-99-00 ','1','      ','                                        ','                                        ','          ','        ','        ','                    ','                                                  ','                                                  ','            ','            ','            ','         ',' ','000004','札幌主管支店　事務管理センター          ','ｻﾂﾎﾟﾛｼﾕｶﾝｼﾃﾝ ｼﾞﾑｶﾝﾘｾﾝﾀ-                 ','札幌事務  ','004-0053','北海道  ','札幌市厚別区        ','厚別中央３条１丁目２?３０                        ','                                                  ','011-893-3414','0570-200-000','011-893-2851','00-99-00                                ',' '),('000008','2016-04-30 18:10:43','JGY_UPDATE          ','札幌主管支店　センター経営推進課        ','ｻﾂﾎﾟﾛｼﾕｶﾝｼﾃﾝ ｾﾝﾀｰｹｲｴｲｽｲｼﾝｶ              ','札幌経営  ','004-0053','北海道  ','札幌市厚別区        ','厚別中央３条１丁目２?３０                        ','                                                  ','011-892-2126','0570-200-000','011-893-2188','Y0000081','M',' ','U',' ','000','    ','    ','    ','    ','    ','    ','    ','    ','    ','00-99-99 ',' ','      ','20150319','000010','0BB000','003360  ','Z','      ','                                        ','                                        ','          ','        ','        ','                    ','                                                  ','                                                  ','            ','            ','            ','         ',' ','      ','                                        ','                                        ','          ','        ','        ','                    ','                                                  ','                                                  ','            ','            ','            ','         ',' ','000004','札幌主管支店　事務管理センター          ','ｻﾂﾎﾟﾛｼﾕｶﾝｼﾃﾝ ｼﾞﾑｶﾝﾘｾﾝﾀ-                 ','札幌事務  ','004-0053','北海道  ','札幌市厚別区        ','厚別中央３条１丁目２?３０                        ','                                                  ','011-893-3414','0570-200-000','011-893-2851','00-99-00                                ',' '),('000010','2016-04-30 18:10:43','JGY_UPDATE          ','札幌主管支店                            ','ｻﾂﾎﾟﾛｼﾕｶﾝｼﾃﾝ                            ','札　　　幌','004-0053','北海道  ','札幌市厚別区        ','厚別中央３条１丁目２?３０                        ','                                                  ','011-893-3414','0570-200-000','011-893-2188','Y0000101','M',' ','A',' ','000','    ','    ','    ','    ','    ','    ','    ','    ','    ','00-99-00 ',' ','      ','20160201','000010','0BB000','003360  ','C','      ','                                        ','                                        ','          ','        ','        ','                    ','                                                  ','                                                  ','            ','            ','            ','         ',' ','      ','                                        ','                                        ','          ','        ','        ','                    ','                                                  ','                                                  ','            ','            ','            ','         ',' ','000004','札幌主管支店　事務管理センター          ','ｻﾂﾎﾟﾛｼﾕｶﾝｼﾃﾝ ｼﾞﾑｶﾝﾘｾﾝﾀ-                 ','札幌事務  ','004-0053','北海道  ','札幌市厚別区        ','厚別中央３条１丁目２?３０                        ','                                                  ','011-893-3414','0570-200-000','011-893-2851','00-99-00                                ',' '),('000079','2016-04-30 18:10:43','JGY_UPDATE          ','札幌豊平支店                            ','ｻﾂﾎﾟﾛﾄﾖﾋﾗｼﾃﾝ                            ','札幌豊平  ','062-0901','北海道  ','札幌市豊平区        ','豊平一条１０丁目４?１１                          ','                                                  ','011-894-8834','0570-200-000','011-894-8829','Y0000791','M',' ','H',' ','000','    ','    ','    ','    ','    ','    ','    ','    ','    ','00-35-01 ',' ','      ','20160310','000010','0BB000','003360  ','Z','000005','札幌主管支店　サービスセンター          ','ｻﾂﾎﾟﾛｼﾕｶﾝｼﾃﾝ ｻ-ﾋﾞｽｾﾝﾀ-                  ','札幌ＳＣ  ','004-0053','北海道  ','札幌市厚別区        ','厚別中央３条１丁目２?３０                        ','                                                  ','011-894-8825','0570-200-000','011-896-4200','00-99-00 ','1','000079','札幌豊平支店                            ','ｻﾂﾎﾟﾛﾄﾖﾋﾗｼﾃﾝ                            ','札幌豊平  ','062-0901','北海道  ','札幌市豊平区        ','豊平一条１０丁目４?１１                          ','                                                  ','011-894-8834','0570-200-000','011-894-8829','00-35-01 ',' ','000004','札幌主管支店　事務管理センター          ','ｻﾂﾎﾟﾛｼﾕｶﾝｼﾃﾝ ｼﾞﾑｶﾝﾘｾﾝﾀ-                 ','札幌事務  ','004-0053','北海道  ','札幌市厚別区        ','厚別中央３条１丁目２?３０                        ','                                                  ','011-893-3414','0570-200-000','011-893-2851','00-99-00                                ',' '),('000201','2016-04-30 18:10:43','JGY_UPDATE          ','小樽西センター                          ','ｵﾀﾙﾆｼｾﾝﾀ-                               ','小樽西    ','047-0008','北海道  ','小樽市              ','築港６?１３                                      ','                                                  ','0134-34-3531','0570-200-000','0134-29-0904','Y0002011','M',' ','C',' ','000','0800','2100','1850','0800','2100','1850','0800','2100','1850','00-70-90 ',' ','      ','20121015','000010','0BB000','003360  ','A','000005','札幌主管支店　サービスセンター          ','ｻﾂﾎﾟﾛｼﾕｶﾝｼﾃﾝ ｻ-ﾋﾞｽｾﾝﾀ-                  ','札幌ＳＣ  ','004-0053','北海道  ','札幌市厚別区        ','厚別中央３条１丁目２?３０                        ','                                                  ','011-894-8825','0570-200-000','011-896-4200','00-99-00 ','1','000209','小樽支店                                ','ｵﾀﾙｼﾃﾝ                                  ','小樽      ','047-0008','北海道  ','小樽市              ','築港６?１３                                      ','                                                  ','0134-34-3531','0570-200-000','0134-29-0904','00-70-90 ',' ','000004','札幌主管支店　事務管理センター          ','ｻﾂﾎﾟﾛｼﾕｶﾝｼﾃﾝ ｼﾞﾑｶﾝﾘｾﾝﾀ-                 ','札幌事務  ','004-0053','北海道  ','札幌市厚別区        ','厚別中央３条１丁目２?３０                        ','                                                  ','011-893-3414','0570-200-000','011-893-2851','00-99-00                                ',' '),('000202','2016-04-30 18:10:43','JGY_UPDATE          ','小樽東センター                          ','ｵﾀﾙﾋｶﾞｼｾﾝﾀ-                             ','小樽東    ','047-0008','北海道  ','小樽市              ','築港６?１３                                      ','                                                  ','0134-34-3531','0570-200-000','0134-29-0904','Y0002021','M',' ','C',' ','000','0800','2100','1850','0800','2100','1850','0800','2100','1850','00-70-90 ',' ','      ','20121015','000010','0BB000','003360  ','A','000005','札幌主管支店　サービスセンター          ','ｻﾂﾎﾟﾛｼﾕｶﾝｼﾃﾝ ｻ-ﾋﾞｽｾﾝﾀ-                  ','札幌ＳＣ  ','004-0053','北海道  ','札幌市厚別区        ','厚別中央３条１丁目２?３０                        ','                                                  ','011-894-8825','0570-200-000','011-896-4200','00-99-00 ','1','000209','小樽支店                                ','ｵﾀﾙｼﾃﾝ                                  ','小樽      ','047-0008','北海道  ','小樽市              ','築港６?１３                                      ','                                                  ','0134-34-3531','0570-200-000','0134-29-0904','00-70-90 ',' ','000004','札幌主管支店　事務管理センター          ','ｻﾂﾎﾟﾛｼﾕｶﾝｼﾃﾝ ｼﾞﾑｶﾝﾘｾﾝﾀ-                 ','札幌事務  ','004-0053','北海道  ','札幌市厚別区        ','厚別中央３条１丁目２?３０                        ','                                                  ','011-893-3414','0570-200-000','011-893-2851','00-99-00                                ',' '),('000259','2016-04-30 18:10:43','JGY_UPDATE          ','銭函支店                                ','ｾﾞﾆﾊﾞｺｼﾃﾝ                               ','銭函支店  ','047-0261','北海道  ','小樽市              ','銭函３丁目５１２番地３                            ','                                                  ','080-50430342','0570-200-000','0134-62-0450','Y0002591','M',' ','H',' ','000','    ','    ','    ','    ','    ','    ','    ','    ','    ','00-71-00 ',' ','      ','20160307','000010','0BB000','003360  ','Z','000005','札幌主管支店　サービスセンター          ','ｻﾂﾎﾟﾛｼﾕｶﾝｼﾃﾝ ｻ-ﾋﾞｽｾﾝﾀ-                  ','札幌ＳＣ  ','004-0053','北海道  ','札幌市厚別区        ','厚別中央３条１丁目２?３０                        ','                                                  ','011-894-8825','0570-200-000','011-896-4200','00-99-00 ','1','000259','銭函支店                                ','ｾﾞﾆﾊﾞｺｼﾃﾝ                               ','銭函支店  ','047-0261','北海道  ','小樽市              ','銭函３丁目５１２番地３                            ','                                                  ','080-50430342','0570-200-000','0134-62-0450','00-71-00 ',' ','000004','札幌主管支店　事務管理センター          ','ｻﾂﾎﾟﾛｼﾕｶﾝｼﾃﾝ ｼﾞﾑｶﾝﾘｾﾝﾀ-                 ','札幌事務  ','004-0053','北海道  ','札幌市厚別区        ','厚別中央３条１丁目２?３０                        ','                                                  ','011-893-3414','0570-200-000','011-893-2851','00-99-00                                ',' '),('000879','2016-04-30 18:10:43','JGY_UPDATE          ','札幌新発寒支店                          ','ｻﾂﾎﾟﾛｼﾝﾊﾂｻﾑｼﾃﾝ                          ','新発寒    ','006-0806','北海道  ','札幌市手稲区        ','新発寒六条１丁目４?４０                          ','                                                  ','011-894-8834','0570-200-000','011-894-8829','Y0008791','M',' ','H',' ','000','    ','    ','    ','    ','    ','    ','    ','    ','    ','00-67-71 ',' ','      ','20100102','000010','0BB000','003360  ','Z','000005','札幌主管支店　サービスセンター          ','ｻﾂﾎﾟﾛｼﾕｶﾝｼﾃﾝ ｻ-ﾋﾞｽｾﾝﾀ-                  ','札幌ＳＣ  ','004-0053','北海道  ','札幌市厚別区        ','厚別中央３条１丁目２?３０                        ','                                                  ','011-894-8825','0570-200-000','011-896-4200','00-99-00 ','1','000879','札幌新発寒支店                          ','ｻﾂﾎﾟﾛｼﾝﾊﾂｻﾑｼﾃﾝ                          ','新発寒    ','006-0806','北海道  ','札幌市手稲区        ','新発寒六条１丁目４?４０                          ','                                                  ','011-894-8834','0570-200-000','011-894-8829','00-67-71 ',' ','000004','札幌主管支店　事務管理センター          ','ｻﾂﾎﾟﾛｼﾕｶﾝｼﾃﾝ ｼﾞﾑｶﾝﾘｾﾝﾀ-                 ','札幌事務  ','004-0053','北海道  ','札幌市厚別区        ','厚別中央３条１丁目２?３０                        ','                                                  ','011-893-3414','0570-200-000','011-893-2851','00-99-00                                ',' '),('000949','2016-04-30 18:10:43','JGY_UPDATE          ','菊水支店                                ','ｷｸｽｲｼﾃﾝ                                 ','菊水      ','003-0805','北海道  ','札幌市白石区        ','菊水９条２丁目２?５                              ','                                                  ','080-54518906','0570-200-000','011-832-8929','Y0009491','M',' ','H',' ','000','    ','    ','    ','    ','    ','    ','    ','    ','    ','00-14-01 ',' ','      ','20160315','000010','0BB000','003360  ','Z','000005','札幌主管支店　サービスセンター          ','ｻﾂﾎﾟﾛｼﾕｶﾝｼﾃﾝ ｻ-ﾋﾞｽｾﾝﾀ-                  ','札幌ＳＣ  ','004-0053','北海道  ','札幌市厚別区        ','厚別中央３条１丁目２?３０                        ','                                                  ','011-894-8825','0570-200-000','011-896-4200','00-99-00 ','1','000949','菊水支店                                ','ｷｸｽｲｼﾃﾝ                                 ','菊水      ','003-0805','北海道  ','札幌市白石区        ','菊水９条２丁目２?５                              ','                                                  ','080-54518906','0570-200-000','011-832-8929','00-14-01 ',' ','000004','札幌主管支店　事務管理センター          ','ｻﾂﾎﾟﾛｼﾕｶﾝｼﾃﾝ ｼﾞﾑｶﾝﾘｾﾝﾀ-                 ','札幌事務  ','004-0053','北海道  ','札幌市厚別区        ','厚別中央３条１丁目２?３０                        ','                                                  ','011-893-3414','0570-200-000','011-893-2851','00-99-00                                ',' '),('000991','2016-04-30 18:10:43','JGY_UPDATE          ','札幌主管支店　人材育成課                ','ｻﾂﾎﾟﾛｼﾕｶﾝｼﾃﾝ ｼﾞﾝｻﾞｲｲｸｾｲｶ                ','札幌人材  ','004-0053','北海道  ','札幌市厚別区        ','厚別中央３条１丁目２?３０                        ','                                                  ','011-892-2126','0570-200-000','011-893-2188','Y0009911','M',' ','K',' ','000','    ','    ','    ','    ','    ','    ','    ','    ','    ','00-99-99 ',' ','      ','20150319','000010','0BB000','003360  ','Z','      ','                                        ','                                        ','          ','        ','        ','                    ','                                                  ','                                                  ','            ','            ','            ','         ',' ','      ','                                        ','                                        ','          ','        ','        ','                    ','                                                  ','                                                  ','            ','            ','            ','         ',' ','000004','札幌主管支店　事務管理センター          ','ｻﾂﾎﾟﾛｼﾕｶﾝｼﾃﾝ ｼﾞﾑｶﾝﾘｾﾝﾀ-                 ','札幌事務  ','004-0053','北海道  ','札幌市厚別区        ','厚別中央３条１丁目２?３０                        ','                                                  ','011-893-3414','0570-200-000','011-893-2851','00-99-00                                ',' '),('031000','2016-04-30 18:10:43','JGY_UPDATE          ','東京主管支店                            ','ﾄｳｷﾖｳ ｼﾕｶﾝｼﾃﾝ                           ','東　　　京','135-0063','東京都  ','江東区              ','有明１?６?２６                                  ','                                                  ','03-6733-5000','0570-200-000','03-5531-3255','Y0310001','M',' ','A',' ','000','    ','    ','    ','    ','    ','    ','    ','    ','    ','31-99-00 ',' ','      ','20110302','031000','0BB200','026600  ','C','      ','                                        ','                                        ','          ','        ','        ','                    ','                                                  ','                                                  ','            ','            ','            ','         ',' ','      ','                                        ','                                        ','          ','        ','        ','                    ','                                                  ','                                                  ','            ','            ','            ','         ',' ','031004','東京主管支店事務管理センター            ','ﾄｳｷﾖｳｼﾕｶﾝｼﾃﾝｼﾞﾑｶﾝﾘｾﾝﾀ-                  ','東京事務  ','135-0063','東京都  ','江東区              ','有明１?６?２６                                  ','                                                  ','03-5564-3880','03-5564-3880','03-5564-3760','31-99-00                                ',' '),('031414','2016-04-30 18:10:43','JGY_UPDATE          ','南葛西センター                          ','ﾐﾅﾐｶｻｲｾﾝﾀ-                              ','南葛西    ','134-0084','東京都  ','江戸川区            ','東葛西９?３?２                                  ','                                                  ','0805045-3313','0570-200-000','03-5658-6635','Y0314141','M',' ','C',' ','000','0800','2100','1900','0800','2100','1900','0800','2100','1900','31-64-51 ','1','      ','20120202','031000','0BB200','026600  ','A','031005','東京主管支店サービスセンター            ','ﾄｳｷﾖｳｼﾕｶﾝｼﾃﾝｻ-ﾋﾞｽｾﾝﾀ-                   ','東京ＳＣ  ','135-0063','東京都  ','江東区              ','有明１?６?２６                                  ','                                                  ','03-5564-3919','0570-200-000','03-5531-3255','31-99-00 ',' ','031069','江戸川支店                              ','ｴﾄﾞｶﾞﾜｼﾃﾝ                               ','江戸川支店','134-0084','東京都  ','江戸川区            ','東葛西９?３?２                                  ','                                                  ','0805045-3313','0570-200-000','03-5658-6635','31-64-51 ','1','031004','東京主管支店事務管理センター            ','ﾄｳｷﾖｳｼﾕｶﾝｼﾃﾝｼﾞﾑｶﾝﾘｾﾝﾀ-                  ','東京事務  ','135-0063','東京都  ','江東区              ','有明１?６?２６                                  ','                                                  ','03-5564-3880','03-5564-3880','03-5564-3760','31-99-00                                ',' '),('067000','2016-04-30 15:00:00','JGY_UPDATE','姫路ベース店','ﾋﾒｼﾞﾍﾞｰｽﾃﾝ','姫路主管','671-0252','兵庫県','姫路市','花田町加納原田６',NULL,'079-253-6877','0570-200-000','079-253-6809','Y0679901','M',NULL,'B',NULL,'000',NULL,NULL,NULL,NULL,NULL,NULL,NULL,NULL,NULL,'67-99-00',NULL,'','20060507','067000','0BB600','060600','C','067005','姫路主管支店サービスセンター','ﾋﾒｼﾞｼｭｶﾝｼﾃﾝｻｰﾋﾞｽｾﾝﾀｰ','姫路SC','671-0252','兵庫県','姫路市','花田町加納原田６',NULL,'079-252-8810','0570-200-000','079-252-8808','67-99-00',NULL,NULL,NULL,NULL,NULL,NULL,NULL,NULL,NULL,NULL,NULL,NULL,NULL,NULL,NULL,'067004','姫路主管支店事務管理センター','ﾋﾒｼﾞｼｭｶﾝｼﾃﾝｼﾞﾑｶﾝﾘｾﾝﾀｰ','姫路事務','671-0252','兵庫県','姫路市','花田町加納原田６',NULL,'079-253-6804','079-253-6804','079-253-6881','67-99-00','1'),('067990','2016-04-30 15:00:00','JGY_UPDATE','姫路ベース店','ﾋﾒｼﾞﾍﾞｰｽﾃﾝ','姫路B','671-0252','兵庫県','姫路市','花田町加納原田６',NULL,'079-253-6877','0570-200-000','079-253-6809','Y0679901','M',NULL,'B',NULL,'000',NULL,NULL,NULL,NULL,NULL,NULL,NULL,NULL,NULL,'67-99-00',NULL,'','20060507','067000','0BB600','060600','C','067005','姫路主管支店サービスセンター','ﾋﾒｼﾞｼｭｶﾝｼﾃﾝｻｰﾋﾞｽｾﾝﾀｰ','姫路SC','671-0252','兵庫県','姫路市','花田町加納原田６',NULL,'079-252-8810','0570-200-000','079-252-8808','67-99-00',NULL,NULL,NULL,NULL,NULL,NULL,NULL,NULL,NULL,NULL,NULL,NULL,NULL,NULL,NULL,'067004','姫路主管支店事務管理センター','ﾋﾒｼﾞｼｭｶﾝｼﾃﾝｼﾞﾑｶﾝﾘｾﾝﾀｰ','姫路事務','671-0252','兵庫県','姫路市','花田町加納原田６',NULL,'079-253-6804','079-253-6804','079-253-6881','67-99-00','1'),('0AE000','2016-04-30 18:10:43','JGY_UPDATE          ','人事戦略部                              ','ｼﾞﾝｼﾞｾﾝﾘﾔｸﾌﾞ                            ','人事戦略部','104-8125','東京都  ','中央区              ','銀座２?１６?１０                                ','                                                  ','03-3541-3411','03-3541-3411','            ','        ',' ',' ',' ',' ','000','    ','    ','    ','    ','    ','    ','    ','    ','    ','         ',' ','      ','20150320','      ','      ','        ','Z','      ','                                        ','                                        ','          ','        ','        ','                    ','                                                  ','                                                  ','            ','            ','            ','         ',' ','      ','                                        ','                                        ','          ','        ','        ','                    ','                                                  ','                                                  ','            ','            ','            ','         ',' ','      ','                                        ','                                        ','          ','        ','        ','                    ','                                                  ','                                                  ','            ','            ','            ','                                        ',' '),('0AE070','2016-04-30 18:10:43','JGY_UPDATE          ','人事総務部役員                          ','ｼﾞﾝｼﾞｿｳﾑﾌﾞﾔｸｲﾝ                          ','役員      ','104-8125','東京都  ','中央区              ','銀座２?１６?１０                                ','                                                  ','03-3541-3411','03-3541-3411','            ','        ',' ',' ',' ',' ','000','    ','    ','    ','    ','    ','    ','    ','    ','    ','         ',' ','      ','20040625','      ','      ','        ','Z','      ','                                        ','                                        ','          ','        ','        ','                    ','                                                  ','                                                  ','            ','            ','            ','         ',' ','      ','                                        ','                                        ','          ','        ','        ','                    ','                                                  ','                                                  ','            ','            ','            ','         ',' ','      ','                                        ','                                        ','          ','        ','        ','                    ','                                                  ','                                                  ','            ','            ','            ','                                        ',' '),('409000','2016-04-30 18:10:43','JGY_UPDATE          ','北日本主管支店                          ','ｷﾀﾆﾎﾝｼﾕｶﾝｼﾃﾝ                            ','北日本主管','060-0013','北海道  ','札幌市中央区        ','北十三条西１８?１?８                            ','                                                  ','011-632-8913','011-632-8912','011-640-4945','Y4090001','S',' ','A',' ','400','    ','    ','    ','    ','    ','    ','    ','    ','    ','09-00-99 ',' ','      ','20110408','409000','400980','        ','Z','      ','                                        ','                                        ','          ','        ','        ','                    ','                                                  ','                                                  ','            ','            ','            ','         ',' ','      ','                                        ','                                        ','          ','        ','        ','                    ','                                                  ','                                                  ','            ','            ','            ','         ',' ','      ','                                        ','                                        ','          ','        ','        ','                    ','                                                  ','                                                  ','            ','            ','            ','                                        ',' ');
/*!40000 ALTER TABLE `JGY` ENABLE KEYS */;
UNLOCK TABLES;

--
-- Table structure for table `KEIEI_TABLE`
--

DROP TABLE IF EXISTS `KEIEI_TABLE`;
/*!40101 SET @saved_cs_client     = @@character_set_client */;
/*!40101 SET character_set_client = utf8 */;
CREATE TABLE `KEIEI_TABLE` (
  `集計西４年月` varchar(6) NOT NULL,
  `集計区分` varchar(1) NOT NULL,
  `合計区分` varchar(1) NOT NULL,
  `新判定フラグ` varchar(2) NOT NULL,
  `支社コード` varchar(6) NOT NULL,
  `主管コード` varchar(6) NOT NULL,
  `支店コード` varchar(6) NOT NULL,
  `店所コード` varchar(6) NOT NULL,
  `自他社コード` varchar(3) NOT NULL,
  `本社直下フラグ` varchar(2) NOT NULL,
  `名称` varchar(10) DEFAULT NULL,
  `参加人数` decimal(7,0) DEFAULT NULL,
  `対象人数` decimal(7,0) DEFAULT NULL,
  `参加率当月` decimal(5,1) DEFAULT NULL,
  `参加率前月差` decimal(5,1) DEFAULT NULL,
  `投票者数合計` decimal(7,0) DEFAULT NULL,
  `投票者数前月比` decimal(7,1) DEFAULT NULL,
  `投票者内訳集配` decimal(7,0) DEFAULT NULL,
  `投票者内訳スタッフ` decimal(7,0) DEFAULT NULL,
  `投票者内訳作業` decimal(7,0) DEFAULT NULL,
  `投票者内訳サービス` decimal(7,0) DEFAULT NULL,
  `被投票者数合計` decimal(7,0) DEFAULT NULL,
  `被投票者数前月比` decimal(7,1) DEFAULT NULL,
  `被投票者内訳集配` decimal(7,0) DEFAULT NULL,
  `被投票者内訳スタッフ` decimal(7,0) DEFAULT NULL,
  `被投票者内訳作業` decimal(7,0) DEFAULT NULL,
  `被投票者内訳サービス` decimal(7,0) DEFAULT NULL,
  `目標設定個人人数` decimal(7,0) DEFAULT NULL,
  `目標設定個人人数前月比` decimal(7,1) DEFAULT NULL,
  `目標設定組織人数` decimal(7,0) DEFAULT NULL,
  `目標設定組織人数前月比` decimal(7,1) DEFAULT NULL,
  PRIMARY KEY (`集計西４年月`,`集計区分`,`合計区分`,`新判定フラグ`,`支社コード`,`主管コード`,`支店コード`,`店所コード`,`自他社コード`,`本社直下フラグ`)
) ENGINE=InnoDB DEFAULT CHARSET=sjis;
/*!40101 SET character_set_client = @saved_cs_client */;

--
-- Dumping data for table `KEIEI_TABLE`
--

LOCK TABLES `KEIEI_TABLE` WRITE;
/*!40000 ALTER TABLE `KEIEI_TABLE` DISABLE KEYS */;
/*!40000 ALTER TABLE `KEIEI_TABLE` ENABLE KEYS */;
UNLOCK TABLES;

--
-- Table structure for table `POINT_K_TABLE`
--

DROP TABLE IF EXISTS `POINT_K_TABLE`;
/*!40101 SET @saved_cs_client     = @@character_set_client */;
/*!40101 SET character_set_client = utf8 */;
CREATE TABLE `POINT_K_TABLE` (
  `PERIOD` varchar(4) NOT NULL,
  `PERIOD_SEQ` decimal(7,0) NOT NULL,
  `POINT_KBN` varchar(2) NOT NULL,
  `POINT_KBN_SEQ` decimal(7,0) NOT NULL,
  `KOJIN_CODE` varchar(6) NOT NULL,
  `CREATE_PERIOD` varchar(4) NOT NULL,
  `NAME_KANJI` varchar(20) NOT NULL,
  `SYOZOK_CD` varchar(6) NOT NULL,
  `TANTOU_CD` varchar(4) NOT NULL,
  `POINT` decimal(5,0) NOT NULL,
  `CREATE_ID` varchar(16) NOT NULL,
  `CREATE_DATE` timestamp NULL DEFAULT NULL,
  `RENEWAL_ID` varchar(16) NOT NULL,
  `RENEWAL_DATE` timestamp NULL DEFAULT NULL,
  `DELETE_ID` varchar(16) NOT NULL DEFAULT '0000000000000000',
  `DELETE_DATE` timestamp NULL DEFAULT NULL,
  PRIMARY KEY (`PERIOD`,`PERIOD_SEQ`,`POINT_KBN`,`POINT_KBN_SEQ`,`KOJIN_CODE`)
) ENGINE=InnoDB DEFAULT CHARSET=sjis;
/*!40101 SET character_set_client = @saved_cs_client */;

--
-- Dumping data for table `POINT_K_TABLE`
--

LOCK TABLES `POINT_K_TABLE` WRITE;
/*!40000 ALTER TABLE `POINT_K_TABLE` DISABLE KEYS */;
INSERT INTO `POINT_K_TABLE` VALUES ('2016',2,'T',1,'123456','2016','テスト太郎','067990','5022',0,'123456','2016-09-09 06:55:53','123456','2016-09-09 06:55:53','0000000000000000',NULL),('2016',2,'T',2,'141830','2016','テスト太郎','067990','5022',0,'123456','2016-09-09 06:55:53','141830','2016-09-09 06:55:53','0000000000000000',NULL),('2016',3,'T',1,'123456','2016','テスト太郎','067990','5022',3,'123456','2016-09-09 06:56:28','123456','2016-09-09 06:56:28','0000000000000000',NULL),('2016',3,'T',2,'141830','2016','テスト太郎','067990','5022',10,'123456','2016-09-09 06:56:28','141830','2016-09-09 06:56:28','0000000000000000',NULL),('2016',4,'T',1,'123456','2016','テスト太郎','067990','5022',3,'123456','2016-09-09 07:46:57','123456','2016-09-09 07:46:57','0000000000000000',NULL),('2016',4,'T',2,'102865','2016','テスト太郎','067990','5022',10,'123456','2016-09-09 07:46:57','102865','2016-09-09 07:46:57','0000000000000000',NULL),('2016',5,'T',1,'123456','2016','テスト太郎','067990','5022',3,'123456','2016-09-16 00:49:37','123456','2016-09-16 00:49:37','0000000000000000',NULL),('2016',5,'T',2,'102865','2016','テスト太郎','067990','5022',10,'123456','2016-09-16 00:49:37','102865','2016-09-16 00:49:37','0000000000000000',NULL),('2016',6,'T',1,'123456','2016','テスト太郎','067990','5022',3,'123456','2016-09-20 04:44:52','123456','2016-09-20 04:44:52','0000000000000000',NULL),('2016',6,'T',2,'102865','2016','テスト太郎','067990','5022',10,'123456','2016-09-20 04:44:52','102865','2016-09-20 04:44:52','0000000000000000',NULL),('2016',7,'T',1,'102865','2016','筋肉大杉','000002','3004',3,'102865','2016-09-20 04:49:07','102865','2016-09-20 04:49:07','0000000000000000',NULL),('2016',7,'T',2,'123456','2016','筋肉大杉','000002','3004',10,'102865','2016-09-20 04:49:07','123456','2016-09-20 04:49:07','0000000000000000',NULL),('2016',8,'T',1,'123456','2016','テスト太郎','067990','5022',3,'123456','2016-09-20 05:14:13','123456','2016-09-20 05:14:13','0000000000000000',NULL),('2016',8,'T',2,'102865','2016','テスト太郎','067990','5022',10,'123456','2016-09-20 05:14:13','102865','2016-09-20 05:14:13','0000000000000000',NULL),('2016',9,'T',1,'123456','2016','テスト太郎','067990','5022',3,'123456','2016-09-28 06:40:16','123456','2016-09-28 06:40:16','0000000000000000',NULL),('2016',9,'T',2,'102865','2016','テスト太郎','067990','5022',10,'123456','2016-09-28 06:40:16','102865','2016-09-28 06:40:16','0000000000000000',NULL),('2016',10,'T',1,'123456','2016','テスト太郎','067990','5022',3,'123456','2016-09-28 11:35:54','123456','2016-09-28 11:35:54','0000000000000000',NULL),('2016',10,'T',2,'102865','2016','テスト太郎','067990','5022',10,'123456','2016-09-28 11:35:54','102865','2016-09-28 11:35:54','0000000000000000',NULL),('2016',11,'T',1,'123456','2016','テスト太郎','067990','5022',3,'123456','2016-09-28 11:36:57','123456','2016-09-28 11:36:57','0000000000000000',NULL),('2016',11,'T',2,'141830','2016','テスト太郎','067990','5022',10,'123456','2016-09-28 11:36:57','141830','2016-09-28 11:36:57','0000000000000000',NULL),('2016',12,'T',1,'123456','2016','テスト太郎','067990','5022',3,'123456','2016-09-28 12:05:52','123456','2016-09-28 12:05:52','0000000000000000',NULL),('2016',12,'T',2,'102865','2016','テスト太郎','067990','5022',10,'123456','2016-09-28 12:05:52','102865','2016-09-28 12:05:52','0000000000000000',NULL),('2016',13,'T',1,'123456','2016','テスト太郎','067990','5022',3,'123456','2016-10-11 07:29:12','123456','2016-10-11 07:29:12','0000000000000000',NULL),('2016',13,'T',2,'141831','2016','テスト太郎','067990','5022',10,'123456','2016-10-11 07:29:12','141831','2016-10-11 07:29:12','0000000000000000',NULL),('2016',14,'T',1,'141831','2016','筋肉山和２','000002','3004',3,'141831','2016-10-11 07:38:17','141831','2016-10-11 07:38:17','0000000000000000',NULL),('2016',14,'T',2,'123456','2016','筋肉山和２','000002','3004',10,'141831','2016-10-11 07:38:17','123456','2016-10-11 07:38:17','0000000000000000',NULL);
/*!40000 ALTER TABLE `POINT_K_TABLE` ENABLE KEYS */;
UNLOCK TABLES;

--
-- Table structure for table `POINT_MASTER`
--

DROP TABLE IF EXISTS `POINT_MASTER`;
/*!40101 SET @saved_cs_client     = @@character_set_client */;
/*!40101 SET character_set_client = utf8 */;
CREATE TABLE `POINT_MASTER` (
  `KBN_1` varchar(1) NOT NULL,
  `KBN_2` varchar(3) NOT NULL,
  `POINT` decimal(5,0) NOT NULL,
  PRIMARY KEY (`KBN_1`,`KBN_2`)
) ENGINE=InnoDB DEFAULT CHARSET=sjis;
/*!40101 SET character_set_client = @saved_cs_client */;

--
-- Dumping data for table `POINT_MASTER`
--

LOCK TABLES `POINT_MASTER` WRITE;
/*!40000 ALTER TABLE `POINT_MASTER` DISABLE KEYS */;
INSERT INTO `POINT_MASTER` VALUES ('M','01',3),('M','02',3),('T','01',10),('T','02',3),('T','03',0);
/*!40000 ALTER TABLE `POINT_MASTER` ENABLE KEYS */;
UNLOCK TABLES;

--
-- Table structure for table `POSITION_CHECK`
--

DROP TABLE IF EXISTS `POSITION_CHECK`;
/*!40101 SET @saved_cs_client     = @@character_set_client */;
/*!40101 SET character_set_client = utf8 */;
CREATE TABLE `POSITION_CHECK` (
  `POSITION_NO` varchar(3) NOT NULL,
  `POSITION_NAME` varchar(36) NOT NULL,
  `CHECK_FLG` varchar(1) NOT NULL,
  PRIMARY KEY (`POSITION_NO`)
) ENGINE=InnoDB DEFAULT CHARSET=sjis;
/*!40101 SET character_set_client = @saved_cs_client */;

--
-- Dumping data for table `POSITION_CHECK`
--

LOCK TABLES `POSITION_CHECK` WRITE;
/*!40000 ALTER TABLE `POSITION_CHECK` DISABLE KEYS */;
INSERT INTO `POSITION_CHECK` VALUES ('100','スーパーバイザー                    ','1'),('500','主事                                ','1'),('F00','主管支店長                          ','1'),('J50','サービスセンター長                  ','1'),('J61','人材育成課長                        ','1'),('J62','センター経営推進課長                ','1'),('R03','店長【新組織用】                    ','1'),('ZZZ','　　　　　　　　　　　　　　　　　　','0'),('ﾌ00','安全指導長','1'),('ﾔ01','センター長（同居）                  ','1');
/*!40000 ALTER TABLE `POSITION_CHECK` ENABLE KEYS */;
UNLOCK TABLES;

--
-- Table structure for table `RANKING_CHK_TABLE`
--

DROP TABLE IF EXISTS `RANKING_CHK_TABLE`;
/*!40101 SET @saved_cs_client     = @@character_set_client */;
/*!40101 SET character_set_client = utf8 */;
CREATE TABLE `RANKING_CHK_TABLE` (
  `JIGYOSHO_CODE` varchar(8) NOT NULL,
  `GROUP_CODE` varchar(2) NOT NULL,
  `CREATE_ID` varchar(16) NOT NULL,
  `CREATE_DATE` timestamp NULL DEFAULT NULL,
  `RENEWAL_ID` varchar(16) NOT NULL,
  `RENEWAL_DATE` timestamp NULL DEFAULT NULL,
  `DELETE_ID` varchar(16) NOT NULL DEFAULT '0000000000000000',
  `DELETE_DATE` timestamp NULL DEFAULT NULL,
  PRIMARY KEY (`JIGYOSHO_CODE`,`GROUP_CODE`)
) ENGINE=InnoDB DEFAULT CHARSET=sjis;
/*!40101 SET character_set_client = @saved_cs_client */;

--
-- Dumping data for table `RANKING_CHK_TABLE`
--

LOCK TABLES `RANKING_CHK_TABLE` WRITE;
/*!40000 ALTER TABLE `RANKING_CHK_TABLE` DISABLE KEYS */;
/*!40000 ALTER TABLE `RANKING_CHK_TABLE` ENABLE KEYS */;
UNLOCK TABLES;

--
-- Table structure for table `RANKING_TABLE`
--

DROP TABLE IF EXISTS `RANKING_TABLE`;
/*!40101 SET @saved_cs_client     = @@character_set_client */;
/*!40101 SET character_set_client = utf8 */;
CREATE TABLE `RANKING_TABLE` (
  `JI_JITASYA_CD` varchar(3) NOT NULL,
  `KBN_1` varchar(2) NOT NULL,
  `KBN_2` varchar(2) NOT NULL,
  `ORDER_NO` decimal(6,0) NOT NULL,
  `RANK` decimal(6,0) NOT NULL,
  `NAME` varchar(40) NOT NULL,
  `KOJIN_CODE` varchar(6) NOT NULL,
  `KOJIN_NAME` varchar(40) DEFAULT NULL,
  `SHISYA_CODE` varchar(8) DEFAULT NULL,
  `SYUKAN_CODE` varchar(8) DEFAULT NULL,
  `JIGYOSHO_CODE` varchar(8) NOT NULL,
  `JIGYOSHO_NAME` varchar(40) NOT NULL,
  `POINT` decimal(6,0) NOT NULL DEFAULT '0',
  `POINT_TOTAL` decimal(6,0) NOT NULL DEFAULT '0',
  `RENEWAL_ID` varchar(16) NOT NULL,
  `RENEWAL_DATE` timestamp NULL DEFAULT NULL,
  PRIMARY KEY (`JI_JITASYA_CD`,`KBN_1`,`KBN_2`,`ORDER_NO`,`KOJIN_CODE`)
) ENGINE=InnoDB DEFAULT CHARSET=sjis;
/*!40101 SET character_set_client = @saved_cs_client */;

--
-- Dumping data for table `RANKING_TABLE`
--

LOCK TABLES `RANKING_TABLE` WRITE;
/*!40000 ALTER TABLE `RANKING_TABLE` DISABLE KEYS */;
/*!40000 ALTER TABLE `RANKING_TABLE` ENABLE KEYS */;
UNLOCK TABLES;

--
-- Table structure for table `SEQ_TABLE`
--

DROP TABLE IF EXISTS `SEQ_TABLE`;
/*!40101 SET @saved_cs_client     = @@character_set_client */;
/*!40101 SET character_set_client = utf8 */;
CREATE TABLE `SEQ_TABLE` (
  `CLASS` varchar(2) NOT NULL,
  `CURRENT_SEQ` decimal(10,0) NOT NULL,
  `CREATE_ID` varchar(16) NOT NULL,
  `CREATE_DATE` timestamp NULL DEFAULT NULL,
  `RENEWAL_ID` varchar(16) NOT NULL,
  `RENEWAL_DATE` timestamp NULL DEFAULT NULL,
  `DELETE_ID` varchar(16) NOT NULL DEFAULT '0000000000000000',
  `DELETE_DATE` timestamp NULL DEFAULT NULL,
  PRIMARY KEY (`CLASS`)
) ENGINE=InnoDB DEFAULT CHARSET=sjis;
/*!40101 SET character_set_client = @saved_cs_client */;

--
-- Dumping data for table `SEQ_TABLE`
--

LOCK TABLES `SEQ_TABLE` WRITE;
/*!40000 ALTER TABLE `SEQ_TABLE` DISABLE KEYS */;
INSERT INTO `SEQ_TABLE` VALUES ('01',15,'YSD','2008-09-18 15:00:00','SeqDao','2016-10-11 07:38:17','0000000000000000',NULL),('02',1,'YSD','2008-09-18 15:00:00','SeqDao','2016-08-29 15:00:00','0000000000000000',NULL),('03',1,'YSD','2008-09-18 15:00:00','SeqDao','2008-10-28 15:00:00','0000000000000000',NULL),('04',1,'YSD','2008-09-18 15:00:00','SeqDao','2016-09-07 15:00:00','0000000000000000',NULL),('05',1,'YSD','2010-02-28 15:00:00','SeqDao','2015-07-29 15:00:00','0000000000000000',NULL),('06',1,'YSD','2012-02-26 15:00:00','SeqDao','2015-07-29 15:00:00','0000000000000000',NULL);
/*!40000 ALTER TABLE `SEQ_TABLE` ENABLE KEYS */;
UNLOCK TABLES;

--
-- Table structure for table `SHAIN_MASTER`
--

DROP TABLE IF EXISTS `SHAIN_MASTER`;
/*!40101 SET @saved_cs_client     = @@character_set_client */;
/*!40101 SET character_set_client = utf8 */;
CREATE TABLE `SHAIN_MASTER` (
  `KOJIN_CD` varchar(8) NOT NULL,
  `MOVE_CD` varchar(1) NOT NULL,
  `NAME_KANJI` varchar(20) NOT NULL,
  `NAME_KANA` varchar(20) NOT NULL,
  `TANTOU_CD` varchar(4) NOT NULL,
  `SHAIN_KBN` varchar(2) NOT NULL,
  `SHISYA_CD` varchar(6) NOT NULL,
  `SYUKAN_CD` varchar(6) NOT NULL,
  `KANRI_CD` varchar(6) DEFAULT NULL,
  `PASSWORD` varchar(8) NOT NULL,
  `PASSWORD_KARI` varchar(8) NOT NULL,
  `PASS_EFFECT` varchar(8) NOT NULL,
  `PASS_WARN` varchar(8) NOT NULL,
  PRIMARY KEY (`KOJIN_CD`,`MOVE_CD`)
) ENGINE=InnoDB DEFAULT CHARSET=sjis;
/*!40101 SET character_set_client = @saved_cs_client */;

--
-- Dumping data for table `SHAIN_MASTER`
--

LOCK TABLES `SHAIN_MASTER` WRITE;
/*!40000 ALTER TABLE `SHAIN_MASTER` DISABLE KEYS */;
INSERT INTO `SHAIN_MASTER` VALUES ('102056  ','0','吉川　Ｃ郎','ﾖｼｶﾜ ｼｰﾛｳ','0001','1 ','0BB000','000010','000010','0       ','1       ','20181231','20181231'),('102206  ','0','吉田　慎四','ﾖｼﾀﾞ ｼﾝｼ','5022','1 ','0BB200','031000','031069','0       ','1       ','20181231','20181231'),('102865','0','筋肉大杉','キンニクオオスギ','3004','1','0BB000','000010','000010','0','1','20181231','20181231'),('111740  ','0','吉川　Ｄ郎','ﾖｼｶﾜ ﾃﾞｨｰﾛｳ','3006','1 ','0BB200','031000','031069','0       ','1       ','20181231','20181231'),('121546  ','0','吉田　慎二','ﾖｼﾀﾞ ｼﾝｼﾞ','4029','1 ','0BB000','000010','000209','0       ','1       ','20181231','20181231'),('123456','0','テスト太郎','テストタロウ','5022','11','0BB600','067000','067990','0','1','20181231','20181231'),('123457','0','テスト太郎２','テストタロウニ','5022','11','0BB600','067000','067990','0','1','20181231','20181231'),('127516  ','0','吉川　Ｅ郎','ﾖｼｶﾜ ｲｰﾛｳ','0001','1 ','400980','409000','      ','0       ','1       ','20181231','20181231'),('140608  ','0','吉田　慎一','ﾖｼﾀﾞ ｼﾝｲﾁ','4029','1 ','0BB000','000010','000209','0       ','1       ','20181231','20181231'),('141830','0','筋肉大和','キンニクヤマト','3004','1','0BB000','000010','000010','0','1','20181231','20181231'),('141831','0','筋肉山和２','キンニクヤマトニ','3004','1','0BB000','000010','000010','0','1','20181231','20181231'),('151914  ','0','吉田　慎三','ﾖｼﾀﾞ ｼﾝｿﾞｳ','4029','1 ','0BB000','000010','000209','0       ','1       ','20181231','20181231'),('182686  ','0','１２３４５６７８９０','123456789012345','3005','1 ','0BB000','000010','000010','0       ','1       ','20181231','20181231'),('331760  ','0','吉川　Ａ郎','ﾖｼｶﾜ ｴｰﾛｳ','0005','1 ','0AA000','0AE000','      ','0       ','1       ','20181231','20181231'),('501006  ','0','吉川　Ｂ郎','ﾖｼｶﾜ ﾋﾞｰﾛｳ','3005','1 ','0AA000','0AE000','      ','0       ','1       ','20181231','20181231');
/*!40000 ALTER TABLE `SHAIN_MASTER` ENABLE KEYS */;
UNLOCK TABLES;

--
-- Table structure for table `SYOZOK_MASTER`
--

DROP TABLE IF EXISTS `SYOZOK_MASTER`;
/*!40101 SET @saved_cs_client     = @@character_set_client */;
/*!40101 SET character_set_client = utf8 */;
CREATE TABLE `SYOZOK_MASTER` (
  `KOJIN_CD` varchar(8) NOT NULL,
  `MOVE_CD` varchar(1) NOT NULL,
  `SYOZOK_CD` varchar(6) DEFAULT NULL,
  `POSITION_CD` varchar(3) DEFAULT NULL,
  `SEQ` varchar(2) NOT NULL,
  PRIMARY KEY (`KOJIN_CD`,`MOVE_CD`,`SEQ`)
) ENGINE=InnoDB DEFAULT CHARSET=sjis;
/*!40101 SET character_set_client = @saved_cs_client */;

--
-- Dumping data for table `SYOZOK_MASTER`
--

LOCK TABLES `SYOZOK_MASTER` WRITE;
/*!40000 ALTER TABLE `SYOZOK_MASTER` DISABLE KEYS */;
INSERT INTO `SYOZOK_MASTER` VALUES ('102056  ','0','000010','F00','01'),('102056  ','0','000005','J50','02'),('102056  ','0','000079','R03','03'),('102056  ','0','000879','R03','04'),('102056  ','0','000949','R03','05'),('102056  ','0','000259','R03','06'),('102056  ','0','000008','J62','07'),('102056  ','0','000991','J61','08'),('102206  ','0','031414','ﾔ01','01'),('102865','0','000002','ﾌ00','01'),('111740  ','0','031414','','01'),('121546  ','0','000202','   ','01'),('123456','0','067990',NULL,'01'),('123467','0','067990',NULL,'01'),('127516  ','0','409000','F00','01'),('140608  ','0','000202','   ','01'),('141830','0','000002','ﾌ00','01'),('141831','0','000002','ﾌ00','01'),('151914  ','0','000201','   ','01'),('182686  ','0','000006','500','01'),('331760  ','0','0AE070','ZZZ','01'),('501006  ','0','0AE000','100','01');
/*!40000 ALTER TABLE `SYOZOK_MASTER` ENABLE KEYS */;
UNLOCK TABLES;

--
-- Table structure for table `SYUTANTO_MASTER`
--

DROP TABLE IF EXISTS `SYUTANTO_MASTER`;
/*!40101 SET @saved_cs_client     = @@character_set_client */;
/*!40101 SET character_set_client = utf8 */;
CREATE TABLE `SYUTANTO_MASTER` (
  `TANTOU_CODE` varchar(4) NOT NULL,
  `TANTOU_NAME` varchar(40) NOT NULL,
  `GROUP_CODE` varchar(2) NOT NULL,
  `CREATE_ID` varchar(16) NOT NULL,
  `CREATE_DATE` timestamp NULL DEFAULT NULL,
  `RENEWAL_ID` varchar(16) NOT NULL,
  `RENEWAL_DATE` timestamp NULL DEFAULT NULL,
  `DELETE_ID` varchar(16) NOT NULL DEFAULT '0000000000000000',
  `DELETE_DATE` timestamp NULL DEFAULT NULL,
  PRIMARY KEY (`TANTOU_CODE`)
) ENGINE=InnoDB DEFAULT CHARSET=sjis;
/*!40101 SET character_set_client = @saved_cs_client */;

--
-- Dumping data for table `SYUTANTO_MASTER`
--

LOCK TABLES `SYUTANTO_MASTER` WRITE;
/*!40000 ALTER TABLE `SYUTANTO_MASTER` DISABLE KEYS */;
INSERT INTO `SYUTANTO_MASTER` VALUES ('0001','経営役職（ライン）                      ','02','YSD','2015-07-09 05:20:56','YSD','2015-07-09 05:20:56','',NULL),('0005','経営役職（スタッフ）                    ','02','YSD','2015-07-09 05:20:56','YSD','2015-07-09 05:20:56','',NULL),('3004','主管支店スタッフ','02','YSD','2015-07-08 15:00:00','YSD','2015-07-08 15:00:00','0000000000000000',NULL),('3005','本支社スタッフ                          ','02','YSD','2015-07-09 05:20:56','YSD','2015-07-09 05:20:56','',NULL),('3006','ＳＣオペレーター                        ','03','YSD','2015-07-09 05:20:56','YSD','2015-07-09 05:20:56','',NULL),('3008','営業スタッフ                            ','02','YSD','2015-07-09 05:20:56','YSD','2015-07-09 05:20:56','',NULL),('4029','ＳＤ（奨励）                            ','01','YSD','2015-07-09 05:20:56','YSD','2015-07-09 05:20:56','',NULL),('5022','B作業発送宅急便','04','YSD','2015-07-08 15:00:00','YSD','2015-07-08 15:00:00','0000000000000000',NULL);
/*!40000 ALTER TABLE `SYUTANTO_MASTER` ENABLE KEYS */;
UNLOCK TABLES;

--
-- Table structure for table `VOTE_TABLE`
--

DROP TABLE IF EXISTS `VOTE_TABLE`;
/*!40101 SET @saved_cs_client     = @@character_set_client */;
/*!40101 SET character_set_client = utf8 */;
CREATE TABLE `VOTE_TABLE` (
  `PERIOD` varchar(4) NOT NULL,
  `PERIOD_SEQ` decimal(7,0) NOT NULL,
  `VOTER_FROM` varchar(6) NOT NULL,
  `VOTER_TO` varchar(6) NOT NULL,
  `COMMENT` varchar(400) NOT NULL,
  `CREATE_ID` varchar(16) NOT NULL,
  `CREATE_DATE` timestamp NULL DEFAULT NULL,
  `RENEWAL_ID` varchar(16) NOT NULL,
  `RENEWAL_DATE` timestamp NULL DEFAULT NULL,
  `DELETE_ID` varchar(16) NOT NULL DEFAULT '0000000000000000',
  `DELETE_DATE` timestamp NULL DEFAULT NULL,
  PRIMARY KEY (`PERIOD`,`PERIOD_SEQ`)
) ENGINE=InnoDB DEFAULT CHARSET=sjis;
/*!40101 SET character_set_client = @saved_cs_client */;

--
-- Dumping data for table `VOTE_TABLE`
--

LOCK TABLES `VOTE_TABLE` WRITE;
/*!40000 ALTER TABLE `VOTE_TABLE` DISABLE KEYS */;
INSERT INTO `VOTE_TABLE` VALUES ('2016',1,'123456','141830','dsafasdfasdfasdfasdf','123456','2016-09-09 06:51:54','123456','2016-09-09 06:51:54','0000000000000000',NULL),('2016',2,'123456','141830','asdfasdfasdfasdfasdfasdfads','123456','2016-09-09 06:55:53','123456','2016-09-09 06:55:53','0000000000000000',NULL),('2016',3,'123456','141830','asdfasdfasdfasdf','123456','2016-09-09 06:56:28','123456','2016-09-09 06:56:28','0000000000000000',NULL),('2016',4,'123456','102865','aasdfasdfasdfasdf','123456','2016-09-09 07:46:57','123456','2016-09-09 07:46:57','0000000000000000',NULL),('2016',5,'123456','102865','aaaaaaaaaaaa','123456','2016-09-16 00:49:37','123456','2016-09-16 00:49:37','0000000000000000',NULL),('2016',6,'123456','102865','大杉さんの笑顔が素敵です','123456','2016-09-20 04:44:52','123456','2016-09-20 04:44:52','0000000000000000',NULL),('2016',7,'102865','123456','太郎さんの梱包はいつも丁寧で助かります！','102865','2016-09-20 04:49:07','102865','2016-09-20 04:49:07','0000000000000000',NULL),('2016',8,'123456','102865','大杉さんの笑顔が素敵です','123456','2016-09-20 05:14:13','123456','2016-09-20 05:14:13','0000000000000000',NULL),('2016',9,'123456','102865','あfasdfasdfasdfas','123456','2016-09-28 06:40:16','123456','2016-09-28 06:40:16','0000000000000000',NULL),('2016',10,'123456','102865','aaaaaaaaaaaaaaaaaaaaa','123456','2016-09-28 11:35:53','123456','2016-09-28 11:35:53','0000000000000000',NULL),('2016',11,'123456','141830','ああああああああああああ','123456','2016-09-28 11:36:57','123456','2016-09-28 11:36:57','0000000000000000',NULL),('2016',12,'123456','102865','aaaaaaaaaaaaaaaaa','123456','2016-09-28 12:05:52','123456','2016-09-28 12:05:52','0000000000000000',NULL),('2016',13,'123456','141831','aaaaaaaaaa','123456','2016-10-11 07:29:12','123456','2016-10-11 07:29:12','0000000000000000',NULL),('2016',14,'141831','123456','aaaaaaaaaaaaaaa','141831','2016-10-11 07:38:17','141831','2016-10-11 07:38:17','0000000000000000',NULL);
/*!40000 ALTER TABLE `VOTE_TABLE` ENABLE KEYS */;
UNLOCK TABLES;
/*!40103 SET TIME_ZONE=@OLD_TIME_ZONE */;

/*!40101 SET SQL_MODE=@OLD_SQL_MODE */;
/*!40014 SET FOREIGN_KEY_CHECKS=@OLD_FOREIGN_KEY_CHECKS */;
/*!40014 SET UNIQUE_CHECKS=@OLD_UNIQUE_CHECKS */;
/*!40101 SET CHARACTER_SET_CLIENT=@OLD_CHARACTER_SET_CLIENT */;
/*!40101 SET CHARACTER_SET_RESULTS=@OLD_CHARACTER_SET_RESULTS */;
/*!40101 SET COLLATION_CONNECTION=@OLD_COLLATION_CONNECTION */;
/*!40111 SET SQL_NOTES=@OLD_SQL_NOTES */;

-- Dump completed on 2016-10-18 23:06:00
